Unnamed: 0_level_0,Unnamed: 1_level_0,Unnamed: 2_level_0,Unnamed: 3_level_0,Unnamed: 4_level_0,Unnamed: 5_level_0,Performance,Performance,Performance,Performance,Performance,Performance,Performance,Performance,Performance,Performance,Performance,Performance,Expected,Expected,Expected,SCA,SCA,Passes,Passes,Passes,Passes,Carries,Carries,Take-Ons,Take-Ons,Team
Player,#,Nation,Pos,Age,Min,Gls,Ast,PK,PKatt,Sh,SoT,CrdY,CrdR,Touches,Tkl,Int,Blocks,xG,npxG,xAG,SCA,GCA,Cmp,Att,Cmp%,PrgP,Carries,PrgC,Att,Succ,
Neal Maupay,7.0,fr FRA,FW,23-116,90,1,0,0,0,5,3,0,0,27,0,0,0,0.9,0.9,0.0,2,0,15,21,71.4,2,17,1,3,3,Brighton & Hove Albion
Leandro Trossard,11.0,be BEL,LW,25-004,67,0,1,0,0,1,0,0,0,22,0,0,0,0.0,0.0,0.1,3,1,15,20,75.0,2,10,1,0,0,Brighton & Hove Albion
Glenn Murray,17.0,eng ENG,FW,36-074,23,0,0,0,0,0,0,0,0,13,1,0,1,0.0,0.0,0.0,1,0,4,8,50.0,1,7,0,1,0,Brighton & Hove Albion
Pascal Groß,13.0,de GER,RW,28-176,67,0,0,0,0,1,1,0,0,37,1,0,1,0.1,0.1,0.1,2,0,20,32,62.5,2,15,1,0,0,Brighton & Hove Albion
Alireza Jahanbakhsh,16.0,ir IRN,RM,26-119,23,0,0,0,0,0,0,0,0,14,1,0,0,0.0,0.0,0.0,0,0,7,11,63.6,0,9,2,1,0,Brighton & Hove Albion
Aaron Mooy,18.0,au AUS,LM,29-084,90,0,0,0,0,1,0,0,0,57,1,0,1,0.1,0.1,0.0,3,1,40,51,78.4,10,33,2,0,0,Brighton & Hove Albion
Dale Stephens,6.0,eng ENG,CM,30-179,90,0,1,0,0,1,0,1,0,102,3,3,1,0.0,0.0,0.0,2,1,79,90,87.8,8,66,1,0,0,Brighton & Hove Albion
Davy Pröpper,24.0,nl NED,"RM,CM",28-097,90,1,0,0,0,1,1,0,0,78,0,0,0,0.1,0.1,0.0,0,0,63,76,82.9,11,46,1,1,1,Brighton & Hove Albion
Dan Burn,33.0,eng ENG,LB,27-213,90,0,0,0,0,1,0,1,0,79,2,2,1,0.0,0.0,0.0,1,0,43,62,69.4,3,31,1,1,0,Brighton & Hove Albion
Lewis Dunk,5.0,eng ENG,CB,28-017,90,0,0,0,0,1,0,1,0,82,1,0,6,0.1,0.1,0.0,0,0,57,71,80.3,5,51,0,0,0,Brighton & Hove Albion
Adam Webster,15.0,eng ENG,CB,24-338,90,0,0,0,0,0,0,0,0,80,1,2,3,0.0,0.0,0.0,1,0,66,71,93.0,4,55,1,0,0,Brighton & Hove Albion
Steven Alzate,46.0,co COL,RB,21-091,90,0,0,0,0,1,0,0,0,83,2,2,1,0.1,0.1,0.1,3,0,60,70,85.7,5,44,1,2,2,Brighton & Hove Albion
Mathew Ryan,1.0,au AUS,GK,27-244,90,0,0,0,0,0,0,0,0,44,0,0,0,0.0,0.0,0.0,1,1,36,42,85.7,0,29,0,0,0,Brighton & Hove Albion
13 Players,,,,,990,2,2,0,0,13,5,3,0,718,13,9,15,1.3,1.3,0.4,19,4,505,625,80.8,53,413,12,9,6,Brighton & Hove Albion
Raúl Jiménez,9.0,mx MEX,FW,28-217,84,0,1,0,0,0,0,0,0,29,1,0,1,0.0,0.0,1.0,4,1,13,20,65.0,3,15,4,4,1,Wolverhampton Wanderers
Patrick Cutrone,10.0,it ITA,FW,21-339,6,0,0,0,0,1,1,0,0,4,0,0,0,0.1,0.1,0.0,0,0,2,2,100.0,0,4,0,0,0,Wolverhampton Wanderers
Diogo Jota,18.0,pt POR,LW,23-004,76,2,0,0,0,6,3,0,0,40,0,0,2,1.1,1.1,0.0,3,1,19,28,67.9,1,21,4,3,2,Wolverhampton Wanderers
Pedro Neto,7.0,pt POR,"LW,RW",19-274,14,0,0,0,0,0,0,0,0,4,0,0,0,0.0,0.0,0.0,0,0,2,2,100.0,0,4,0,0,0,Wolverhampton Wanderers
Adama Traoré,37.0,es ESP,RW,23-317,89,0,0,0,0,3,0,0,0,37,2,0,1,0.1,0.1,0.0,2,0,14,20,70.0,2,24,5,11,11,Wolverhampton Wanderers
Rúben Vinagre,29.0,pt POR,"LW,RW",20-243,1,0,0,0,0,0,0,0,0,0,0,0,0,0.0,0.0,0.0,0,0,0,0,,0,0,0,0,0,Wolverhampton Wanderers
Jonny Castro,19.0,es ESP,LM,25-280,90,0,1,0,0,0,0,0,0,51,0,1,4,0.0,0.0,0.1,3,1,34,42,81.0,2,23,2,0,0,Wolverhampton Wanderers
João Moutinho,28.0,pt POR,CM,33-091,90,0,0,0,0,0,0,0,0,53,1,2,0,0.0,0.0,0.1,4,0,36,48,75.0,6,21,1,0,0,Wolverhampton Wanderers
Rúben Neves,8.0,pt POR,CM,22-270,90,0,0,0,0,1,0,0,0,47,1,1,0,0.0,0.0,0.1,2,0,31,41,75.6,7,24,0,0,0,Wolverhampton Wanderers
Matt Doherty,2.0,ie IRL,RM,27-326,90,0,0,0,0,1,1,0,0,63,0,1,2,0.1,0.1,0.0,2,0,33,55,60.0,1,28,4,2,1,Wolverhampton Wanderers
Romain Saïss,27.0,ma MAR,CB,29-257,90,0,0,0,0,1,1,0,0,53,0,3,2,0.1,0.1,0.0,0,0,34,44,77.3,3,21,0,0,0,Wolverhampton Wanderers
Conor Coady,16.0,eng ENG,CB,26-286,90,0,0,0,0,0,0,0,0,35,1,0,1,0.0,0.0,0.0,0,0,23,31,74.2,0,18,0,0,0,Wolverhampton Wanderers
Leander Dendoncker,32.0,be BEL,CB,24-237,90,0,0,0,0,0,0,0,0,46,3,2,1,0.0,0.0,0.0,0,0,28,34,82.4,2,16,0,1,1,Wolverhampton Wanderers
Rui Patrício,11.0,pt POR,GK,31-296,90,0,0,0,0,0,0,0,0,26,0,0,0,0.0,0.0,0.0,1,0,15,26,57.7,0,10,0,0,0,Wolverhampton Wanderers
14 Players,,,,,990,2,2,0,0,13,6,0,0,488,9,10,14,1.5,1.5,1.3,21,3,284,393,72.3,27,229,20,21,16,Wolverhampton Wanderers
